residue,line,TSHR,comlex_TSHR,complex_TSHR
28,R,1.037,1.133,1.081
29,R,0.351,0.587,0.561
30,R,0.449,0.508,0.812
31,R,0.458,0.51,1.445
32,R,0.418,0.476,1.702
33,R,0.978,0.807,1.883
34,R,1.095,1.019,2.083
35,R,0.655,0.61,1.464
36,R,0.426,0.384,1.271
37,R,0.208,0.203,0.956
38,R,0.19,0.183,0.707
39,R,0.342,0.16,0.647
40,R,0.559,0.34,0.672
41,R,0.384,0.425,0.523
42,R,0.707,0.584,0.868
43,R,1.181,0.596,1.46
44,R,1.346,0.44,2.381
45,R,1.561,0.443,1.988
46,R,1.819,0.433,2.057
47,R,1.757,0.768,1.125
48,R,1.98,1.014,1.018
49,R,2.269,0.706,0.947
50,R,1.9,0.648,1.163
51,R,2.07,1.052,1.848
52,R,1.845,0.819,2.368
53,R,1.004,0.638,1.558
54,R,0.387,0.485,0.959
55,R,0.214,0.17,0.494
56,R,0.287,0.098,0.435
57,R,0.243,0.103,0.255
58,R,0.169,0.367,0.561
59,R,0.272,0.253,0.374
60,R,0.346,0.528,0.506
61,R,0.571,0.45,0.963
62,R,0.678,0.497,0.884
63,R,0.844,0.193,0.78
64,R,0.888,0.333,0.969
65,R,0.656,0.405,0.785
66,R,0.866,0.375,0.704
67,R,1.352,0.64,0.506
68,R,1.943,0.71,0.724
69,R,2.35,0.243,1.44
70,R,2.778,0.224,1.557
71,R,1.617,0.11,0.885
72,R,1.152,0.121,0.607
73,R,1.878,0.147,0.722
74,R,1.314,0.128,0.76
75,R,1.513,0.091,0.839
76,R,1.2,0.212,0.896
77,R,0.816,0.38,0.829
78,R,0.61,0.36,0.586
79,R,0.373,0.281,0.478
80,R,0.326,0.145,0.236
81,R,0.347,0.27,0.243
82,R,0.191,0.333,0.39
83,R,0.25,0.399,0.595
84,R,0.527,0.306,0.425
85,R,0.48,0.261,0.673
86,R,0.769,0.425,0.74
87,R,1.12,0.444,0.795
88,R,0.947,0.28,1.232
89,R,0.613,0.155,1.189
90,R,1.291,0.172,1.038
91,R,1.002,0.175,0.704
92,R,0.718,0.265,0.401
93,R,0.414,0.437,0.603
94,R,0.746,0.772,0.936
95,R,0.763,0.692,0.936
96,R,0.443,0.324,0.581
97,R,0.249,0.055,0.314
98,R,0.438,0.061,0.341
99,R,0.416,0.068,0.369
100,R,0.518,0.056,0.526
101,R,0.546,0.364,0.414
102,R,0.51,0.978,0.792
103,R,0.427,0.92,0.576
104,R,0.308,0.894,0.573
105,R,0.482,0.708,0.323
106,R,0.374,0.311,0.299
107,R,0.333,0.321,0.429
108,R,0.122,0.416,0.417
109,R,0.784,0.423,0.523
110,R,0.326,0.301,0.461
111,R,0.504,0.462,0.448
112,R,0.634,0.511,0.742
113,R,0.978,0.499,0.991
114,R,0.772,0.562,0.973
115,R,0.84,0.457,1.007
116,R,0.9,0.417,0.864
117,R,0.631,0.688,0.763
118,R,0.611,0.535,1.013
119,R,1.244,1.17,1.44
120,R,0.757,1.011,1.19
121,R,0.654,0.737,0.539
122,R,0.406,0.585,0.331
123,R,0.565,0.594,0.657
124,R,0.657,0.663,0.324
125,R,0.69,0.568,0.575
126,R,0.832,0.54,0.376
127,R,1.093,0.606,0.372
128,R,0.843,0.63,0.326
129,R,0.616,0.506,0.591
130,R,0.29,0.167,0.592
131,R,0.225,0.365,0.533
132,R,0.56,0.069,0.552
133,R,0.45,0.393,0.468
134,R,0.388,0.688,0.31
135,R,0.433,0.315,0.377
136,R,0.535,0.675,0.561
137,R,0.857,0.276,1.004
138,R,0.645,0.563,1.347
139,R,1.197,0.685,1.402
140,R,1.533,0.845,1.171
141,R,2.119,0.679,1.304
142,R,1.563,0.959,1.797
143,R,1.636,1.237,2.631
144,R,1.517,1.297,1.833
145,R,2.724,1.671,0.783
146,R,2.248,0.617,0.522
147,R,1.278,0.672,0.416
148,R,1.196,0.679,0.611
149,R,2.374,0.86,1.283
150,R,1.488,0.932,1.401
151,R,1.787,1.453,1.35
152,R,1.173,0.971,0.919
153,R,0.605,0.251,0.587
154,R,0.51,0.152,0.424
155,R,0.107,0.034,0.438
156,R,0.436,0.034,0.433
157,R,0.238,0.035,0.381
158,R,0.269,0.034,0.461
159,R,0.275,0.035,0.499
160,R,0.31,0.14,0.876
161,R,0.647,0.35,1.035
162,R,1.111,0.856,1.774
163,R,0.88,1.684,2.3
164,R,0.834,1.294,1.247
165,R,0.833,0.96,0.877
166,R,0.767,0.444,0.64
167,R,0.469,0.561,0.538
168,R,0.629,0.46,0.901
169,R,1.305,1.359,0.664
170,R,1.22,1.879,1.059
171,R,1.978,1.604,1.072
172,R,1.155,0.983,0.64
173,R,2.281,1.147,0.631
174,R,2.21,1.207,0.643
175,R,1.672,0.592,0.638
176,R,1.186,0.631,0.677
177,R,1.554,0.73,0.537
178,R,1.089,0.035,0.509
179,R,0.6,0.032,0.387
180,R,0.527,0.031,0.268
181,R,0.577,0.03,0.124
182,R,0.077,0.029,0.139
183,R,0.082,0.03,0.103
184,R,0.185,0.029,0.332
185,R,0.085,0.03,0.442
186,R,0.576,0.032,0.575
187,R,1.278,0.032,0.591
188,R,0.606,0.032,0.613
189,R,0.549,0.028,0.358
190,R,0.316,0.026,0.393
191,R,0.333,0.024,0.144
192,R,0.227,0.273,0.197
193,R,0.273,0.362,0.253
194,R,0.118,0.449,0.323
195,R,1.017,0.492,1.128
196,R,0.54,0.579,1.025
197,R,0.934,0.821,0.584
198,R,1.419,0.608,0.825
199,R,1.59,0.029,1.637
200,R,0.756,0.028,1.526
201,R,0.642,0.029,0.696
202,R,0.492,0.027,0.367
203,R,0.481,0.027,0.362
204,R,0.337,0.026,0.345
205,R,0.457,0.024,0.238
206,R,0.098,0.026,0.289
207,R,0.708,0.025,0.267
208,R,0.455,0.025,0.616
209,R,0.614,0.028,0.579
210,R,0.731,0.027,0.505
211,R,0.662,0.027,0.632
212,R,0.844,0.027,0.046
213,R,0.501,0.024,0.046
214,R,0.601,0.021,0.045
215,R,0.686,0.02,0.05
216,R,0.455,0.533,0.123
217,R,1.675,0.019,0.324
218,R,1.602,0.018,0.982
219,R,1.037,0.02,0.954
220,R,0.486,0.021,0.55
221,R,1.086,0.021,0.743
222,R,1.659,0.022,1.112
223,R,1.791,0.025,1.156
224,R,1.488,0.025,1.361
225,R,1.291,0.027,1.477
226,R,1.129,0.026,1.159
227,R,1.173,0.024,2.046
228,R,0.656,0.023,1.381
229,R,0.574,0.024,0.826
230,R,0.145,0.023,0.063
231,R,0.073,0.021,0.056
232,R,0.22,0.022,0.05
233,R,0.414,0.021,0.045
234,R,0.704,0.023,0.042
235,R,0.184,0.025,0.039
236,R,0.092,0.023,0.04
237,R,0.061,0.022,0.039
238,R,0.052,0.019,0.041
239,R,0.047,0.017,0.04
240,R,0.046,0.016,0.044
241,R,0.048,0.015,0.048
242,R,0.053,0.016,0.056
243,R,0.059,0.016,0.059
244,R,0.981,0.018,0.067
245,R,1.816,0.019,1.07
246,R,1.763,0.018,1.502
247,R,1.346,0.02,1.593
248,R,1.224,0.022,1.252
249,R,0.6,0.021,1.108
250,R,0.441,0.023,0.664
251,R,0.347,0.022,0.06
252,R,0.275,0.02,0.052
253,R,0.206,0.022,0.048
254,R,0.063,0.021,0.041
255,R,0.077,0.024,0.04
256,R,0.072,0.025,0.036
257,R,0.06,0.022,0.035
258,R,0.057,0.022,0.031
259,R,0.051,0.02,0.034
260,R,0.046,0.018,0.035
261,R,0.042,0.018,0.033
262,R,0.042,0.016,0.038
263,R,0.047,0.016,0.042
264,R,0.053,0.016,0.051
265,R,0.06,0.017,0.054
266,R,0.066,0.019,0.445
267,R,0.075,0.02,0.638
268,R,0.07,0.019,0.902
269,R,0.077,0.02,0.48
270,R,0.79,0.023,0.848
271,R,1.123,0.024,1.831
272,R,1.213,0.023,1.433
273,R,0.38,0.025,0.479
274,R,0.215,0.024,0.058
275,R,0.135,0.022,0.05
276,R,0.075,0.023,0.046
277,R,0.065,0.021,0.039
278,R,0.063,0.022,0.034
279,R,0.059,0.022,0.031
280,R,0.063,0.024,0.032
281,R,0.055,0.022,0.032
282,R,0.054,0.02,0.035
283,R,0.065,0.022,0.041
284,R,0.065,0.023,0.041
285,R,0.062,0.02,0.045
286,R,0.073,0.022,0.051
287,R,0.083,0.025,0.052
288,R,0.801,0.771,0.445
289,R,1.606,0.699,0.655
290,R,1.252,2.104,1.129
394,R,2.661,2.216,7.48
395,R,1.951,0.323,6.348
396,R,1.811,0.362,5.231
397,R,1.176,0.581,3.225
398,R,1.136,0.642,2.854
399,R,1.29,0.674,1.604
400,R,1.592,0.617,1.431
401,R,1.312,0.539,0.88
402,R,1.458,1.48,0.868
403,R,0.568,1.693,1.098
404,R,0.085,1.209,0.099
405,R,0.073,0.338,0.038
406,R,0.068,0.062,0.04
407,R,0.073,0.028,0.046
408,R,0.066,0.028,0.048
409,R,0.063,0.025,0.046
410,R,0.056,0.022,0.044
411,R,0.05,0.02,0.038
412,R,0.539,0.019,0.039
413,R,0.51,0.022,0.045
414,R,0.477,0.023,0.048
415,R,0.465,0.022,0.053
416,R,0.444,0.022,0.387
417,R,0.365,0.02,0.23
418,R,0.428,0.019,0.145
419,R,0.516,0.019,0.237
420,R,0.371,0.019,0.325
421,R,0.317,0.016,0.722
422,R,0.361,0.016,0.618
423,R,0.321,0.018,0.7
424,R,0.237,0.017,0.541
425,R,0.233,0.015,0.117
426,R,0.503,0.016,0.413
427,R,0.271,0.018,0.358
428,R,0.202,0.017,0.537
429,R,0.309,0.017,0.506
430,R,0.42,0.033,0.488
431,R,0.386,0.1,0.538
432,R,0.106,0.027,0.233
433,R,0.186,0.137,0.26
434,R,0.378,0.048,0.343
435,R,0.303,0.305,0.313
436,R,0.276,0.032,0.313
437,R,0.265,0.027,0.529
438,R,0.224,0.027,0.407
439,R,0.139,0.026,0.349
440,R,0.207,0.049,0.429
441,R,0.271,0.029,0.558
442,R,0.603,0.03,0.633
443,R,1.522,0.033,0.939
444,R,1.42,0.035,1.232
445,R,1.049,0.034,0.854
446,R,1.124,0.032,1.021
447,R,0.666,0.033,0.748
448,R,0.499,0.032,0.584
449,R,0.477,0.031,0.568
450,R,0.292,0.029,0.362
451,R,0.297,0.028,0.366
452,R,0.219,0.027,0.205
453,R,0.058,0.025,0.075
454,R,0.067,0.024,0.078
455,R,0.307,0.024,0.078
456,R,0.08,0.023,0.07
457,R,0.054,0.021,0.112
458,R,0.055,0.02,0.055
459,R,0.047,0.02,0.048
460,R,0.044,0.019,0.045
461,R,0.05,0.017,0.311
462,R,0.045,0.017,0.053
463,R,0.04,0.017,0.038
464,R,0.045,0.015,0.337
465,R,0.047,0.015,0.221
466,R,0.042,0.016,0.21
467,R,0.041,0.015,0.396
468,R,0.058,0.015,0.072
469,R,0.066,0.016,0.248
470,R,0.057,0.017,0.384
471,R,0.307,0.016,0.301
472,R,0.288,0.017,0.046
473,R,0.274,0.019,0.044
474,R,0.28,0.019,0.043
475,R,0.652,0.019,0.051
476,R,0.053,0.021,0.052
477,R,0.049,0.022,0.049
478,R,0.057,0.023,0.052
479,R,0.061,0.026,0.057
480,R,0.055,0.027,0.055
481,R,0.049,0.025,0.047
482,R,0.053,0.029,0.049
483,R,0.049,0.029,0.051
484,R,0.044,0.027,0.045
485,R,0.047,0.027,0.04
486,R,0.052,0.03,0.041
487,R,0.048,0.029,0.041
488,R,0.043,0.025,0.037
489,R,0.048,0.026,0.034
490,R,0.056,0.029,0.036
491,R,0.053,0.028,0.038
492,R,0.055,0.026,0.04
493,R,0.254,0.023,0.038
494,R,0.288,0.023,0.033
495,R,0.287,0.025,0.035
496,R,0.338,0.022,0.11
497,R,0.167,0.02,0.27
498,R,0.23,0.022,0.387
499,R,0.209,0.023,0.073
500,R,0.158,0.02,0.256
501,R,0.205,0.019,0.133
502,R,0.171,0.022,0.336
503,R,0.049,0.022,0.279
504,R,0.043,0.02,0.281
505,R,0.043,0.021,0.505
506,R,0.049,0.024,0.502
507,R,0.05,0.023,0.048
508,R,0.045,0.022,0.044
509,R,0.048,0.025,0.044
510,R,0.159,0.027,0.062
511,R,0.057,0.026,0.056
512,R,0.102,0.026,0.051
513,R,0.079,0.029,0.056
514,R,0.158,0.03,0.061
515,R,0.115,0.03,0.062
516,R,0.28,0.032,0.064
517,R,0.339,0.034,0.072
518,R,0.305,0.034,0.076
519,R,0.361,0.035,0.076
520,R,0.157,0.037,0.08
521,R,0.451,0.038,0.084
522,R,0.651,0.039,0.091
523,R,0.424,0.041,0.125
524,R,0.682,0.043,0.105
525,R,2.097,0.044,0.903
526,R,1.6,0.044,2.891
527,R,1.321,0.047,4.665
528,R,1.517,0.047,4.092
529,R,1.367,0.044,3.608
530,R,1.701,0.058,2.407
531,R,1.867,0.044,1.748
532,R,1.572,0.041,1.619
533,R,0.933,0.038,1.011
534,R,0.903,0.038,1.077
535,R,0.736,0.035,0.84
536,R,1.069,0.036,0.774
537,R,0.918,0.036,0.66
538,R,0.572,0.033,0.535
539,R,0.731,0.276,0.505
540,R,0.738,0.065,0.421
541,R,0.487,0.041,0.442
542,R,0.422,0.222,0.287
543,R,0.664,0.441,0.446
544,R,0.576,0.47,0.479
545,R,0.289,0.514,0.419
546,R,0.284,0.525,0.419
547,R,0.301,0.393,0.386
548,R,0.182,0.447,0.444
549,R,0.138,0.456,0.318
550,R,0.148,0.293,0.343
551,R,0.161,0.406,0.528
552,R,0.124,0.375,0.513
553,R,0.112,0.426,0.393
554,R,0.387,0.439,0.588
555,R,0.588,0.031,0.622
556,R,0.592,0.03,0.964
557,R,0.529,0.031,0.699
558,R,0.912,0.034,1.316
559,R,1.857,0.908,2.226
560,R,2.73,0.737,1.449
561,R,2.694,0.032,1.355
562,R,1.418,0.03,0.036
563,R,0.666,0.026,0.031
564,R,0.647,0.028,0.033
565,R,0.063,0.028,0.033
566,R,0.055,0.025,0.031
567,R,0.047,0.023,0.032
568,R,0.043,0.02,0.029
569,R,0.044,0.022,0.028
570,R,0.474,0.023,0.531
571,R,0.698,0.026,0.933
572,R,0.684,0.028,0.887
573,R,0.634,0.031,1.137
574,R,0.634,0.46,0.9
575,R,0.8,0.865,0.795
576,R,0.805,0.904,0.924
577,R,0.472,0.932,0.837
578,R,0.416,0.739,0.642
579,R,0.359,0.465,0.453
580,R,0.223,0.328,0.555
581,R,0.272,0.224,0.412
582,R,0.133,0.226,0.112
583,R,0.462,0.228,0.079
584,R,0.275,0.233,0.102
585,R,0.304,0.339,0.108
586,R,0.272,0.47,0.347
587,R,0.093,0.063,0.078
588,R,0.209,0.318,0.154
589,R,0.282,0.339,0.111
590,R,0.13,0.253,0.322
591,R,0.385,0.043,0.264
592,R,0.155,0.232,0.28
593,R,0.232,0.32,0.292
594,R,0.249,0.03,0.115
595,R,0.197,0.068,0.164
596,R,0.098,0.404,0.127
597,R,0.326,0.298,0.104
598,R,0.375,0.32,0.189
599,R,0.394,0.447,0.229
600,R,0.273,0.043,0.175
601,R,0.394,0.244,0.364
602,R,0.368,0.274,0.109
603,R,0.219,0.247,0.096
604,R,0.166,0.413,0.091
605,R,0.183,0.583,0.12
606,R,0.413,0.524,0.36
607,R,0.462,0.463,0.183
608,R,0.56,0.953,0.427
609,R,1.075,1.144,0.612
610,R,2.972,1.011,1.832
611,R,4.295,1.543,3.773
617,R,3.573,0.048,4.594
618,R,1.222,0.045,2.059
619,R,1.134,0.045,1.274
620,R,0.919,0.279,1.408
621,R,0.574,0.226,1.595
622,R,0.642,0.304,0.927
623,R,0.497,0.409,0.731
624,R,0.395,0.316,0.746
625,R,0.257,0.434,0.791
626,R,0.223,0.605,0.339
627,R,0.226,0.432,0.475
628,R,0.372,0.368,0.155
629,R,0.139,0.226,0.208
630,R,0.25,0.126,0.299
631,R,0.401,0.459,0.211
632,R,0.442,0.438,0.326
633,R,0.332,0.336,0.426
634,R,0.416,0.316,0.262
635,R,0.314,0.027,0.176
636,R,0.352,0.024,0.358
637,R,0.313,0.026,0.719
638,R,0.536,0.028,0.795
639,R,0.404,0.028,0.469
640,R,0.456,0.04,0.067
641,R,0.212,0.043,0.515
642,R,0.37,0.229,0.23
643,R,0.559,0.23,0.38
644,R,0.629,0.196,0.389
645,R,0.614,0.307,0.376
646,R,0.868,0.638,0.51
647,R,0.916,0.735,0.376
648,R,0.861,0.577,0.618
649,R,2.198,1.907,1.449
650,R,1.874,2.212,1.109
651,R,2.505,2.083,0.965
652,R,2.393,2.196,1.537
653,R,1.047,0.782,1.101
654,R,1.147,0.278,0.857
655,R,0.995,0.028,0.042
656,R,0.632,0.026,0.037
657,R,0.675,0.025,0.039
658,R,0.674,0.025,0.04
659,R,0.521,0.024,0.033
660,R,0.315,0.021,0.032
661,R,0.402,0.022,0.035
662,R,0.435,0.022,0.195
663,R,0.261,0.019,0.45
664,R,0.296,0.018,0.492
665,R,0.528,0.021,0.422
666,R,0.532,0.022,0.521
667,R,0.555,0.021,1.048
668,R,0.554,0.018,0.61
669,R,0.587,0.02,0.598
670,R,0.264,0.022,0.635
671,R,0.296,0.019,0.278
672,R,0.534,0.019,0.574
673,R,0.454,0.022,0.492
674,R,0.488,0.023,0.491
675,R,0.47,0.022,0.463
676,R,0.798,0.025,0.574
677,R,0.686,0.027,0.733
678,R,0.37,0.027,0.714
679,R,0.916,0.026,0.55
680,R,1.281,0.026,0.862
681,R,1.137,0.03,1.297
682,R,1.204,0.031,0.774
683,R,0.865,0.034,0.635
684,R,0.682,0.033,0.402
685,R,0.646,0.03,0.484
686,R,0.741,0.031,0.323
687,R,0.73,0.034,0.277
688,R,0.588,0.031,0.264
689,R,0.656,0.03,0.263
690,R,0.718,0.034,0.266
691,R,0.662,0.091,0.377
692,R,0.545,0.295,0.428
693,R,0.884,0.54,0.349
694,R,1.258,0.828,1.091
695,R,1.275,1.054,2.887
696,R,1.28,1.9,2.684
697,R,1.956,3.658,3.741
